,Semantic Matrix
0,"[[-0.0230193   0.0844041  -0.0952744  ...  0.15729859  0.0337297
  -0.0202218 ]
 [ 0.0171981  -0.0074934  -0.057982   ...  0.13955    -0.1192399
   0.0746887 ]
 [ 0.0750018   0.000786   -0.0315556  ...  0.0981731  -0.0896363
   0.0780507 ]
 ...
 [ 0.0423902   0.0199484  -0.090391   ...  0.016208    0.0069352
   0.0445721 ]
 [ 0.0316356   0.1254745  -0.080624   ... -0.0337713  -0.0720811
   0.0319025 ]
 [ 0.0792638  -0.0283594  -0.0280034  ...  0.0269355   0.0169682
   0.0192227 ]]"
1,"[[ 0.0114162   0.0827042  -0.0705269  ...  0.0362782  -0.0806746
   0.017378  ]
 [ 0.0171981  -0.0074934  -0.057982   ...  0.13955    -0.1192399
   0.0746887 ]
 [ 0.0040587   0.0671903  -0.0938735  ...  0.1620283  -0.0906587
   0.0184854 ]
 ...
 [-0.0195744   0.0522916  -0.0508934  ...  0.0545287  -0.0292218
   0.0494952 ]
 [-0.0493404  -0.0611721  -0.0740107  ...  0.0367536   0.1032122
  -0.0033355 ]
 [-0.0101377   0.0479239  -0.073729   ...  0.14844111  0.0425171
   0.0503815 ]]"
2,"[[ 0.0171981 -0.0074934 -0.057982  ...  0.13955   -0.1192399  0.0746887]
 [ 0.0040587  0.0671903 -0.0938735 ...  0.1620283 -0.0906587  0.0184854]
 [ 0.0750018  0.000786  -0.0315556 ...  0.0981731 -0.0896363  0.0780507]
 ...
 [-0.0370127  0.0652477 -0.1732135 ...  0.0380368  0.061444  -0.0016275]
 [ 0.0061009 -0.021205  -0.0544934 ...  0.0188358 -0.0183619  0.0523611]
 [ 0.060112   0.0894128 -0.0531644 ...  0.0020295 -0.0252229  0.0960584]]"
3,"[[ 0.0171981 -0.0074934 -0.057982  ...  0.13955   -0.1192399  0.0746887]
 [ 0.0040587  0.0671903 -0.0938735 ...  0.1620283 -0.0906587  0.0184854]
 [-0.0123308 -0.0051449 -0.0714337 ...  0.0435405  0.0033591  0.0884417]
 ...
 [ 0.0530242  0.0834738 -0.0976486 ...  0.0028875  0.0230997  0.0320245]
 [-0.0070632 -0.0185327 -0.0448413 ...  0.0502845 -0.0409533  0.064022 ]
 [ 0.0642896  0.0468128 -0.0689709 ...  0.0332371  0.065538  -0.0141999]]"
4,"[[ 0.0443811   0.0225892  -0.1047076  ... -0.040129    0.03694
   0.0224563 ]
 [-0.0460942  -0.0074747  -0.12644771 ...  0.0414225   0.0267845
   0.0317676 ]
 [ 0.0073618   0.0380875  -0.0357952  ...  0.0973346  -0.0134893
   0.0705323 ]
 ...
 [-0.0195744   0.0522916  -0.0508934  ...  0.0545287  -0.0292218
   0.0494952 ]
 [-0.0248256  -0.0297907  -0.1412932  ...  0.0060291   0.0246838
   0.0001773 ]
 [ 0.0149876   0.0866554  -0.0801154  ...  0.0517752   0.0053819
   0.0282039 ]]"
5,"[[ 0.0171981 -0.0074934 -0.057982  ...  0.13955   -0.1192399  0.0746887]
 [ 0.0040587  0.0671903 -0.0938735 ...  0.1620283 -0.0906587  0.0184854]
 [ 0.0001704  0.0099323  0.0016067 ...  0.0909876 -0.0520374  0.0193972]
 ...
 [ 0.0149876  0.0866554 -0.0801154 ...  0.0517752  0.0053819  0.0282039]
 [ 0.0637535 -0.0552335 -0.0640473 ...  0.0302609 -0.0578776 -0.0198312]
 [ 0.0827791 -0.0541248  0.0645446 ... -0.0512304  0.0214184  0.0460206]]"
6,"[[ 0.0171981 -0.0074934 -0.057982  ...  0.13955   -0.1192399  0.0746887]
 [ 0.0040587  0.0671903 -0.0938735 ...  0.1620283 -0.0906587  0.0184854]
 [ 0.0270985  0.0400995 -0.1083939 ...  0.0264719  0.0410393  0.0341472]
 ...
 [-0.0182707  0.0542651 -0.1080925 ...  0.0459502 -0.0813976  0.0100653]
 [ 0.0071271  0.0582511 -0.1115658 ...  0.0451693  0.062694  -0.0148096]
 [ 0.0330122  0.1609523 -0.0651743 ...  0.1484842 -0.0722585  0.0405214]]"
7,"[[ 0.0114162  0.0827042 -0.0705269 ...  0.0362782 -0.0806746  0.017378 ]
 [ 0.0693876 -0.001492  -0.0770266 ... -0.0451974 -0.0649315  0.0576108]
 [ 0.0443811  0.0225892 -0.1047076 ... -0.040129   0.03694    0.0224563]
 ...
 [ 0.0174322  0.0076117 -0.0499086 ...  0.0256707  0.126085   0.0122384]
 [-0.0102912  0.0398456 -0.0071577 ...  0.0646501 -0.0187353  0.0577893]
 [-0.0137416  0.0962888 -0.0498987 ...  0.0382037  0.0619835  0.0881023]]"
8,"[[ 0.0040587  0.0671903 -0.0938735 ...  0.1620283 -0.0906587  0.0184854]
 [ 0.0171981 -0.0074934 -0.057982  ...  0.13955   -0.1192399  0.0746887]
 [ 0.0750018  0.000786  -0.0315556 ...  0.0981731 -0.0896363  0.0780507]
 ...
 [-0.0226544 -0.039     -0.0980735 ...  0.054772  -0.0814412  0.0691103]
 [-0.0195744  0.0522916 -0.0508934 ...  0.0545287 -0.0292218  0.0494952]
 [ 0.0727434  0.0065671 -0.0953747 ...  0.070588  -0.0458014  0.0204759]]"
9,"[[ 0.045512   0.0899273 -0.0921207 ... -0.0026389 -0.0124061  0.0567529]
 [-0.0512562 -0.0170427 -0.1225023 ...  0.1178892 -0.0035239  0.0527939]
 [ 0.0581416  0.000601  -0.1082328 ...  0.0409227 -0.09571    0.011796 ]
 ...
 [ 0.0073618  0.0380875 -0.0357952 ...  0.0973346 -0.0134893  0.0705323]
 [ 0.0260365  0.0084838 -0.0459296 ...  0.0912741 -0.0947846  0.0397861]
 [-0.0501677  0.1036577 -0.0272434 ...  0.0581414 -0.080069   0.0116283]]"
10,"[[ 0.0001704  0.0099323  0.0016067 ...  0.0909876 -0.0520374  0.0193972]
 [ 0.0171981 -0.0074934 -0.057982  ...  0.13955   -0.1192399  0.0746887]
 [ 0.0040587  0.0671903 -0.0938735 ...  0.1620283 -0.0906587  0.0184854]
 ...
 [ 0.0347614  0.0197085 -0.0788339 ...  0.1272516  0.0265366  0.0577288]
 [ 0.040834   0.0431842 -0.0289364 ...  0.0458281 -0.0446531  0.033196 ]
 [-0.0455825  0.0033373 -0.049164  ...  0.0631643 -0.0657691  0.056327 ]]"
11,"[[ 0.0171981 -0.0074934 -0.057982  ...  0.13955   -0.1192399  0.0746887]
 [ 0.0040587  0.0671903 -0.0938735 ...  0.1620283 -0.0906587  0.0184854]
 [ 0.0040587  0.0671903 -0.0938735 ...  0.1620283 -0.0906587  0.0184854]
 ...
 [-0.0137416  0.0962888 -0.0498987 ...  0.0382037  0.0619835  0.0881023]
 [-0.0251725 -0.0096432 -0.0866634 ... -0.0008297 -0.0706332  0.0065436]
 [-0.0185754  0.0172855 -0.0877174 ...  0.0361189 -0.0371509  0.0008062]]"
12,"[[ 0.0171981 -0.0074934 -0.057982  ...  0.13955   -0.1192399  0.0746887]
 [ 0.0040587  0.0671903 -0.0938735 ...  0.1620283 -0.0906587  0.0184854]
 [-0.0052763 -0.0084552 -0.131613  ... -0.0015731  0.0408997  0.0113392]
 ...
 [-0.0125898  0.0954171  0.0387632 ...  0.0934293  0.0010198  0.0108504]
 [ 0.0260365  0.0084838 -0.0459296 ...  0.0912741 -0.0947846  0.0397861]
 [-0.0580831  0.0528913  0.0013791 ... -0.0061247  0.0999418  0.0283926]]"
13,"[[-0.0164758  0.0972721 -0.1168417 ...  0.046046  -0.0828827  0.0274837]
 [ 0.0693876 -0.001492  -0.0770266 ... -0.0451974 -0.0649315  0.0576108]
 [-0.0195744  0.0522916 -0.0508934 ...  0.0545287 -0.0292218  0.0494952]
 ...
 [-0.0185754  0.0172855 -0.0877174 ...  0.0361189 -0.0371509  0.0008062]
 [-0.0251725 -0.0096432 -0.0866634 ... -0.0008297 -0.0706332  0.0065436]
 [ 0.0490391  0.0461675 -0.0658273 ...  0.0227524 -0.0044732  0.0781975]]"
14,"[[-0.0123308  -0.0051449  -0.0714337  ...  0.0435405   0.0033591
   0.0884417 ]
 [-0.0164758   0.0972721  -0.1168417  ...  0.046046   -0.0828827
   0.0274837 ]
 [ 0.0001704   0.0099323   0.0016067  ...  0.0909876  -0.0520374
   0.0193972 ]
 ...
 [-0.0280979  -0.0088372  -0.0892787  ...  0.1001553   0.116017
   0.0154085 ]
 [ 0.0149876   0.0866554  -0.0801154  ...  0.0517752   0.0053819
   0.0282039 ]
 [-0.0101377   0.0479239  -0.073729   ...  0.14844111  0.0425171
   0.0503815 ]]"
15,"[[-0.0195744  0.0522916 -0.0508934 ...  0.0545287 -0.0292218  0.0494952]
 [ 0.0171981 -0.0074934 -0.057982  ...  0.13955   -0.1192399  0.0746887]
 [ 0.0040587  0.0671903 -0.0938735 ...  0.1620283 -0.0906587  0.0184854]
 ...
 [ 0.0443811  0.0225892 -0.1047076 ... -0.040129   0.03694    0.0224563]
 [-0.0164758  0.0972721 -0.1168417 ...  0.046046  -0.0828827  0.0274837]
 [ 0.0285275  0.1323899 -0.0548394 ...  0.0307433  0.0066818  0.0294969]]"
16,"[[ 0.0171981 -0.0074934 -0.057982  ...  0.13955   -0.1192399  0.0746887]
 [ 0.0040587  0.0671903 -0.0938735 ...  0.1620283 -0.0906587  0.0184854]
 [-0.0580831  0.0528913  0.0013791 ... -0.0061247  0.0999418  0.0283926]
 ...
 [ 0.040834   0.0431842 -0.0289364 ...  0.0458281 -0.0446531  0.033196 ]
 [ 0.01637    0.072989  -0.066381  ...  0.0762931 -0.0071712  0.0114139]
 [ 0.032488  -0.0329957 -0.0156095 ...  0.0898497 -0.032488  -0.0237315]]"
17,"[[ 1.71981007e-02 -7.49340001e-03 -5.79820015e-02 ...  1.39550000e-01
  -1.19239897e-01  7.46887028e-02]
 [ 1.63700003e-02  7.29890019e-02 -6.63810000e-02 ...  7.62931034e-02
  -7.17120012e-03  1.14139002e-02]
 [ 3.47613990e-02  1.97084993e-02 -7.88339004e-02 ...  1.27251595e-01
   2.65366007e-02  5.77288009e-02]
 ...
 [ 4.13844995e-02  2.03625001e-02 -1.38497993e-01 ...  4.78148013e-02
   5.01230992e-02  9.76080969e-02]
 [-4.66425009e-02 -8.32299981e-03  1.52939996e-02 ...  3.51509005e-02
   2.31522992e-02  3.49818990e-02]
 [ 1.13499998e-04 -2.86159990e-03 -6.38594031e-02 ...  5.48226982e-02
   3.13272998e-02  7.68121034e-02]]"
18,"[[ 0.0171981 -0.0074934 -0.057982  ...  0.13955   -0.1192399  0.0746887]
 [ 0.0040587  0.0671903 -0.0938735 ...  0.1620283 -0.0906587  0.0184854]
 [-0.0195744  0.0522916 -0.0508934 ...  0.0545287 -0.0292218  0.0494952]
 ...
 [ 0.0412244 -0.0054797 -0.0222089 ... -0.0406438 -0.0252572  0.0653204]
 [ 0.0321891  0.0880275 -0.1016038 ...  0.0783926  0.0906552  0.0391963]
 [-0.0351537  0.1024725  0.0518055 ...  0.0340152  0.063476  -0.0025796]]"
19,"[[-0.0455825   0.0033373  -0.049164   ...  0.0631643  -0.0657691
   0.056327  ]
 [-0.1036354   0.0971948   0.0471336  ...  0.0361553  -0.0048671
  -0.0009789 ]
 [ 0.0040587   0.0671903  -0.0938735  ...  0.1620283  -0.0906587
   0.0184854 ]
 ...
 [ 0.0212626   0.0011886  -0.14791401 ...  0.0670896   0.0221871
   0.0892767 ]
 [-0.0248256  -0.0297907  -0.1412932  ...  0.0060291   0.0246838
   0.0001773 ]
 [ 0.0297324   0.0428927  -0.070838   ...  0.0789616  -0.0740874
   0.0428927 ]]"
20,"[[ 0.0171981 -0.0074934 -0.057982  ...  0.13955   -0.1192399  0.0746887]
 [ 0.0040587  0.0671903 -0.0938735 ...  0.1620283 -0.0906587  0.0184854]
 [ 0.0297324  0.0428927 -0.070838  ...  0.0789616 -0.0740874  0.0428927]
 ...
 [-0.0753395  0.0289862 -0.1046926 ...  0.0675121 -0.0118024 -0.0153492]
 [ 0.0061009 -0.021205  -0.0544934 ...  0.0188358 -0.0183619  0.0523611]
 [ 0.0318674 -0.0430968 -0.0682872 ... -0.0437038 -0.0073978  0.0069425]]"
21,"[[ 0.0171981  -0.0074934  -0.057982   ...  0.13955    -0.1192399
   0.0746887 ]
 [-0.0230193   0.0844041  -0.0952744  ...  0.15729859  0.0337297
  -0.0202218 ]
 [-0.1036354   0.0971948   0.0471336  ...  0.0361553  -0.0048671
  -0.0009789 ]
 ...
 [-0.0251725  -0.0096432  -0.0866634  ... -0.0008297  -0.0706332
   0.0065436 ]
 [ 0.0153993   0.0633671  -0.053809   ...  0.0269045  -0.0288515
   0.0256655 ]
 [-0.0771615  -0.0180508  -0.0818098  ...  0.0272699  -0.0158816
   0.0227766 ]]"
22,"[[-0.0285731 -0.0260957 -0.0142866 ...  0.0819207 -0.0043975  0.0219666]
 [ 0.0040587  0.0671903 -0.0938735 ...  0.1620283 -0.0906587  0.0184854]
 [ 0.0171981 -0.0074934 -0.057982  ...  0.13955   -0.1192399  0.0746887]
 ...
 [-0.0999815 -0.0331056  0.0776452 ...  0.0678066 -0.0388226  0.0113011]
 [ 0.040834   0.0431842 -0.0289364 ...  0.0458281 -0.0446531  0.033196 ]
 [-0.0079411  0.0551923 -0.030327  ...  0.0451312  0.0057851  0.0227093]]"
23,"[[-0.0123308 -0.0051449 -0.0714337 ...  0.0435405  0.0033591  0.0884417]
 [ 0.0270985  0.0400995 -0.1083939 ...  0.0264719  0.0410393  0.0341472]
 [-0.0248256 -0.0297907 -0.1412932 ...  0.0060291  0.0246838  0.0001773]
 ...
 [-0.0114774  0.0351776 -0.0287681 ... -0.0127444  0.0056269 -0.0308549]
 [ 0.1110843  0.1016422 -0.0283265 ...  0.0463777 -0.0270768  0.033603 ]
 [-0.0285731 -0.0260957 -0.0142866 ...  0.0819207 -0.0043975  0.0219666]]"
24,"[[ 0.0171981 -0.0074934 -0.057982  ...  0.13955   -0.1192399  0.0746887]
 [ 0.0040587  0.0671903 -0.0938735 ...  0.1620283 -0.0906587  0.0184854]
 [ 0.0270985  0.0400995 -0.1083939 ...  0.0264719  0.0410393  0.0341472]
 ...
 [-0.0179964  0.0386991 -0.0941769 ...  0.0405935 -0.0025878  0.0484416]
 [ 0.0114162  0.0827042 -0.0705269 ...  0.0362782 -0.0806746  0.017378 ]
 [ 0.071215   0.0597854 -0.0996424 ...  0.0718011 -0.0635953  0.0274016]]"
25,"[[ 0.0443811  0.0225892 -0.1047076 ... -0.040129   0.03694    0.0224563]
 [-0.0123308 -0.0051449 -0.0714337 ...  0.0435405  0.0033591  0.0884417]
 [ 0.0171981 -0.0074934 -0.057982  ...  0.13955   -0.1192399  0.0746887]
 ...
 [-0.0381804  0.0773927 -0.1047381 ...  0.0304411 -0.0294092  0.0521111]
 [-0.0501677  0.1036577 -0.0272434 ...  0.0581414 -0.080069   0.0116283]
 [-0.1036354  0.0971948  0.0471336 ...  0.0361553 -0.0048671 -0.0009789]]"
26,"[[ 0.0171981 -0.0074934 -0.057982  ...  0.13955   -0.1192399  0.0746887]
 [ 0.0040587  0.0671903 -0.0938735 ...  0.1620283 -0.0906587  0.0184854]
 [-0.0045445  0.0162272 -0.0535585 ...  0.0324543 -0.0395482 -0.0041455]
 ...
 [ 0.0088183  0.0617928 -0.0901145 ... -0.0334711  0.047117   0.069002 ]
 [ 0.0056691  0.0291752 -0.0100247 ...  0.0522665 -0.0373332 -0.0338764]
 [ 0.0436605  0.0293194 -0.0532211 ...  0.0398362 -0.1007059  0.0701117]]"
27,"[[ 0.0171981 -0.0074934 -0.057982  ...  0.13955   -0.1192399  0.0746887]
 [ 0.0040587  0.0671903 -0.0938735 ...  0.1620283 -0.0906587  0.0184854]
 [ 0.0693876 -0.001492  -0.0770266 ... -0.0451974 -0.0649315  0.0576108]
 ...
 [ 0.0001704  0.0099323  0.0016067 ...  0.0909876 -0.0520374  0.0193972]
 [ 0.0671033  0.0264199 -0.0073344 ...  0.1147563 -0.0193692 -0.1024379]
 [-0.0005421 -0.0181663 -0.0625396 ...  0.0547966  0.0354391 -0.0265049]]"
28,"[[ 0.0171981 -0.0074934 -0.057982  ...  0.13955   -0.1192399  0.0746887]
 [ 0.0040587  0.0671903 -0.0938735 ...  0.1620283 -0.0906587  0.0184854]
 [ 0.0270985  0.0400995 -0.1083939 ...  0.0264719  0.0410393  0.0341472]
 ...
 [ 0.0617707 -0.0245172 -0.0509449 ...  0.0286565 -0.0286565 -0.0375719]
 [ 0.0001704  0.0099323  0.0016067 ...  0.0909876 -0.0520374  0.0193972]
 [-0.0466425 -0.008323   0.015294  ...  0.0351509  0.0231523  0.0349819]]"
29,"[[ 0.0171981 -0.0074934 -0.057982  ...  0.13955   -0.1192399  0.0746887]
 [ 0.0040587  0.0671903 -0.0938735 ...  0.1620283 -0.0906587  0.0184854]
 [-0.0005421 -0.0181663 -0.0625396 ...  0.0547966  0.0354391 -0.0265049]
 ...
 [ 0.0323473  0.1033814 -0.0676205 ...  0.0614436 -0.0385242  0.0393369]
 [ 0.0648788  0.0286307 -0.0292874 ...  0.0151034 -0.0777495  0.0548975]
 [-0.0451942 -0.0074679 -0.0346695 ...  0.0578857  0.0138523  0.059743 ]]"
30,"[[ 0.0171981 -0.0074934 -0.057982  ...  0.13955   -0.1192399  0.0746887]
 [ 0.0040587  0.0671903 -0.0938735 ...  0.1620283 -0.0906587  0.0184854]
 [ 0.0270985  0.0400995 -0.1083939 ...  0.0264719  0.0410393  0.0341472]
 ...
 [ 0.0347614  0.0197085 -0.0788339 ...  0.1272516  0.0265366  0.0577288]
 [ 0.0276911  0.0293361 -0.0452379 ...  0.0438671 -0.0674456  0.0127489]
 [ 0.0564207  0.0922768 -0.0764579 ...  0.117587  -0.0566843  0.0176644]]"
31,"[[ 0.0443811   0.0225892  -0.1047076  ... -0.040129    0.03694
   0.0224563 ]
 [ 0.0297324   0.0428927  -0.070838   ...  0.0789616  -0.0740874
   0.0428927 ]
 [ 0.0297324   0.0428927  -0.070838   ...  0.0789616  -0.0740874
   0.0428927 ]
 ...
 [-0.0712524   0.0110669  -0.12916391 ...  0.0566987  -0.0156907
   0.0727684 ]
 [-0.0203726   0.0047813   0.0307667  ...  0.0776097  -0.0342314
   0.1141972 ]
 [ 0.0068522  -0.0906173  -0.0371978  ...  0.0531398  -0.0727176
   0.0302058 ]]"
32,"[[ 0.0164402  0.0126463 -0.1247766 ... -0.018042   0.0075456  0.0816107]
 [ 0.0040587  0.0671903 -0.0938735 ...  0.1620283 -0.0906587  0.0184854]
 [-0.0067347 -0.0040889 -0.0420115 ...  0.1154514 -0.0416908  0.0400873]
 ...
 [ 0.0061009 -0.021205  -0.0544934 ...  0.0188358 -0.0183619  0.0523611]
 [-0.0285731 -0.0260957 -0.0142866 ...  0.0819207 -0.0043975  0.0219666]
 [ 0.0750018  0.000786  -0.0315556 ...  0.0981731 -0.0896363  0.0780507]]"
33,"[[ 0.0040587   0.0671903  -0.0938735  ...  0.1620283  -0.0906587
   0.0184854 ]
 [ 0.0171981  -0.0074934  -0.057982   ...  0.13955    -0.1192399
   0.0746887 ]
 [-0.0580831   0.0528913   0.0013791  ... -0.0061247   0.0999418
   0.0283926 ]
 ...
 [-0.0460942  -0.0074747  -0.12644771 ...  0.0414225   0.0267845
   0.0317676 ]
 [-0.0771615  -0.0180508  -0.0818098  ...  0.0272699  -0.0158816
   0.0227766 ]
 [-0.0022778   0.0247481   0.0133911  ... -0.0208494  -0.0206799
  -0.0021083 ]]"
34,"[[ 0.0171981  -0.0074934  -0.057982   ...  0.13955    -0.1192399
   0.0746887 ]
 [ 0.0040587   0.0671903  -0.0938735  ...  0.1620283  -0.0906587
   0.0184854 ]
 [ 0.0750018   0.000786   -0.0315556  ...  0.0981731  -0.0896363
   0.0780507 ]
 ...
 [ 0.0538886   0.092195    0.0245096  ... -0.049993    0.0538886
   0.0174489 ]
 [ 0.0538886   0.092195    0.0245096  ... -0.049993    0.0538886
   0.0174489 ]
 [ 0.0212626   0.0011886  -0.14791401 ...  0.0670896   0.0221871
   0.0892767 ]]"
35,"[[ 5.80890011e-03  9.12417993e-02 -8.04741010e-02 ...  9.57754999e-02
  -1.07676603e-01  5.97889014e-02]
 [ 3.08516994e-02  4.93175983e-02 -3.58060002e-02 ...  2.85997000e-02
   3.10769007e-02  5.22451997e-02]
 [ 5.20685986e-02  6.15000026e-05 -5.51313981e-02 ...  1.51751004e-02
  -4.84488010e-02 -9.74550005e-03]
 ...
 [-1.95744000e-02  5.22915982e-02 -5.08933999e-02 ...  5.45286983e-02
  -2.92217992e-02  4.94952016e-02]
 [-1.23308003e-02 -5.14490018e-03 -7.14337006e-02 ...  4.35405001e-02
   3.35910008e-03  8.84416997e-02]
 [ 1.32903000e-02 -3.12632993e-02 -2.10717004e-02 ... -4.92359977e-03
   3.39139998e-03  1.68022998e-02]]"
36,"[[ 7.50017986e-02  7.85999990e-04 -3.15556005e-02 ...  9.81730968e-02
  -8.96363035e-02  7.80507028e-02]
 [ 1.71981007e-02 -7.49340001e-03 -5.79820015e-02 ...  1.39550000e-01
  -1.19239897e-01  7.46887028e-02]
 [ 4.05870005e-03  6.71902969e-02 -9.38735008e-02 ...  1.62028298e-01
  -9.06587020e-02  1.84854008e-02]
 ...
 [ 2.42196005e-02 -3.16235982e-02 -1.04910001e-01 ...  1.28627997e-02
   1.31513998e-01  6.42511025e-02]
 [ 4.43811007e-02  2.25891992e-02 -1.04707599e-01 ... -4.01289985e-02
   3.69400010e-02  2.24562995e-02]
 [-1.52099994e-04  8.80061984e-02 -6.16940018e-03 ...  8.44383985e-02
  -7.13564008e-02 -2.46773995e-02]]"
37,"[[ 0.0040587   0.0671903  -0.0938735  ...  0.1620283  -0.0906587
   0.0184854 ]
 [ 0.0171981  -0.0074934  -0.057982   ...  0.13955    -0.1192399
   0.0746887 ]
 [-0.0501677   0.1036577  -0.0272434  ...  0.0581414  -0.080069
   0.0116283 ]
 ...
 [ 0.0276911   0.0293361  -0.0452379  ...  0.0438671  -0.0674456
   0.0127489 ]
 [-0.0120625   0.0123038  -0.0810603  ...  0.0525927  -0.0733402
  -0.0194207 ]
 [-0.0113539   0.0648419  -0.21946479 ...  0.0233641  -0.0051191
  -0.0245454 ]]"
38,"[[ 0.0270985  0.0400995 -0.1083939 ...  0.0264719  0.0410393  0.0341472]
 [ 0.0171981 -0.0074934 -0.057982  ...  0.13955   -0.1192399  0.0746887]
 [ 0.0040587  0.0671903 -0.0938735 ...  0.1620283 -0.0906587  0.0184854]
 ...
 [-0.0120625  0.0123038 -0.0810603 ...  0.0525927 -0.0733402 -0.0194207]
 [ 0.0443811  0.0225892 -0.1047076 ... -0.040129   0.03694    0.0224563]
 [-0.0052763 -0.0084552 -0.131613  ... -0.0015731  0.0408997  0.0113392]]"
39,"[[-0.0045445  0.0162272 -0.0535585 ...  0.0324543 -0.0395482 -0.0041455]
 [ 0.0171981 -0.0074934 -0.057982  ...  0.13955   -0.1192399  0.0746887]
 [ 0.0040587  0.0671903 -0.0938735 ...  0.1620283 -0.0906587  0.0184854]
 ...
 [ 0.0648788  0.0286307 -0.0292874 ...  0.0151034 -0.0777495  0.0548975]
 [-0.0850352 -0.0018197 -0.0887324 ...  0.0392826  0.0298856 -0.0093585]
 [-0.0753395  0.0289862 -0.1046926 ...  0.0675121 -0.0118024 -0.0153492]]"
40,"[[ 0.0171981  -0.0074934  -0.057982   ...  0.13955    -0.1192399
   0.0746887 ]
 [ 0.0040587   0.0671903  -0.0938735  ...  0.1620283  -0.0906587
   0.0184854 ]
 [ 0.0270985   0.0400995  -0.1083939  ...  0.0264719   0.0410393
   0.0341472 ]
 ...
 [-0.0101377   0.0479239  -0.073729   ...  0.14844111  0.0425171
   0.0503815 ]
 [-0.0123308  -0.0051449  -0.0714337  ...  0.0435405   0.0033591
   0.0884417 ]
 [-0.0255103   0.0082973  -0.1004792  ... -0.0486778   0.0853813
   0.0308466 ]]"
41,"[[-0.0067347  -0.0040889  -0.0420115  ...  0.1154514  -0.0416908
   0.0400873 ]
 [-0.0230193   0.0844041  -0.0952744  ...  0.15729859  0.0337297
  -0.0202218 ]
 [-0.0500627   0.1436322  -0.0977414  ...  0.0012106  -0.0482747
   0.0536386 ]
 ...
 [-0.0218499   0.1103996  -0.1034996  ...  0.0163874   0.0431248
   0.0445623 ]
 [ 0.0004261   0.0397142  -0.0284032  ...  0.0635929  -0.0160868
   0.0563036 ]
 [ 0.0363789   0.0242999  -0.0647999  ...  0.012221    0.0052579
   0.0332526 ]]"
42,"[[ 0.0171981 -0.0074934 -0.057982  ...  0.13955   -0.1192399  0.0746887]
 [ 0.0040587  0.0671903 -0.0938735 ...  0.1620283 -0.0906587  0.0184854]
 [-0.0466425 -0.008323   0.015294  ...  0.0351509  0.0231523  0.0349819]
 ...
 [ 0.0443811  0.0225892 -0.1047076 ... -0.040129   0.03694    0.0224563]
 [ 0.0560699 -0.0430436 -0.0656981 ...  0.0352561  0.0645653 -0.0050973]
 [-0.0238831  0.0990276  0.0330577 ...  0.0257763 -0.0707756 -0.069028 ]]"
43,"[[ 0.0040587   0.0671903  -0.0938735  ...  0.1620283  -0.0906587
   0.0184854 ]
 [ 0.0171981  -0.0074934  -0.057982   ...  0.13955    -0.1192399
   0.0746887 ]
 [ 0.0058089   0.0912418  -0.0804741  ...  0.0957755  -0.1076766
   0.0597889 ]
 ...
 [-0.0227036   0.0442996  -0.1002279  ...  0.0045338   0.0600814
   0.0661726 ]
 [ 0.0693933  -0.0323663  -0.0554111  ...  0.0968399   0.0582593
   0.0844113 ]
 [ 0.0212626   0.0011886  -0.14791401 ...  0.0670896   0.0221871
   0.0892767 ]]"
44,"[[ 0.0171981 -0.0074934 -0.057982  ...  0.13955   -0.1192399  0.0746887]
 [ 0.0040587  0.0671903 -0.0938735 ...  0.1620283 -0.0906587  0.0184854]
 [-0.0290913 -0.0261328 -0.097957  ...  0.1091334 -0.0213665  0.0802064]
 ...
 [-0.0451942 -0.0074679 -0.0346695 ...  0.0578857  0.0138523  0.059743 ]
 [-0.1036354  0.0971948  0.0471336 ...  0.0361553 -0.0048671 -0.0009789]
 [ 0.071215   0.0597854 -0.0996424 ...  0.0718011 -0.0635953  0.0274016]]"
45,"[[ 0.0221861  0.0366215  0.042822  ... -0.0282896  0.0643299  0.036234 ]
 [-0.0045445  0.0162272 -0.0535585 ...  0.0324543 -0.0395482 -0.0041455]
 [ 0.0270985  0.0400995 -0.1083939 ...  0.0264719  0.0410393  0.0341472]
 ...
 [-0.0123308 -0.0051449 -0.0714337 ...  0.0435405  0.0033591  0.0884417]
 [-0.0123308 -0.0051449 -0.0714337 ...  0.0435405  0.0033591  0.0884417]
 [-0.0123308 -0.0051449 -0.0714337 ...  0.0435405  0.0033591  0.0884417]]"
46,"[[-0.0045445  0.0162272 -0.0535585 ...  0.0324543 -0.0395482 -0.0041455]
 [ 0.01637    0.072989  -0.066381  ...  0.0762931 -0.0071712  0.0114139]
 [-0.0580831  0.0528913  0.0013791 ... -0.0061247  0.0999418  0.0283926]
 ...
 [-0.0248256 -0.0297907 -0.1412932 ...  0.0060291  0.0246838  0.0001773]
 [-0.0164758  0.0972721 -0.1168417 ...  0.046046  -0.0828827  0.0274837]
 [ 0.0693876 -0.001492  -0.0770266 ... -0.0451974 -0.0649315  0.0576108]]"
47,"[[ 0.0114425 -0.0151931 -0.0584839 ...  0.0533983 -0.077809   0.0762833]
 [ 0.031728  -0.0152243 -0.0813669 ...  0.0675499 -0.0608972  0.0637118]
 [ 0.0040587  0.0671903 -0.0938735 ...  0.1620283 -0.0906587  0.0184854]
 ...
 [-0.0054112  0.052832  -0.1024056 ...  0.0702875  0.0202484 -0.0187356]
 [ 0.0724945  0.0191897  0.0144811 ...  0.0195451 -0.0543709  0.0931057]
 [ 0.0509827  0.0462243 -0.0499631 ... -0.0063728 -0.0317792  0.0713758]]"
48,"[[ 0.0171981  -0.0074934  -0.057982   ...  0.13955    -0.1192399
   0.0746887 ]
 [ 0.0040587   0.0671903  -0.0938735  ...  0.1620283  -0.0906587
   0.0184854 ]
 [ 0.0270985   0.0400995  -0.1083939  ...  0.0264719   0.0410393
   0.0341472 ]
 ...
 [ 0.0323977  -0.0237123  -0.13896529 ...  0.0501819  -0.0915406
   0.0257803 ]
 [ 0.040834    0.0431842  -0.0289364  ...  0.0458281  -0.0446531
   0.033196  ]
 [ 0.0056691   0.0291752  -0.0100247  ...  0.0522665  -0.0373332
  -0.0338764 ]]"
49,"[[ 0.021883   0.0545617 -0.1015373 ...  0.0090815  0.0939512  0.0233419]
 [ 0.0160501  0.0401976 -0.0474273 ...  0.0815519  0.0276178 -0.0305097]
 [ 0.0505072  0.0221324 -0.0159608 ...  0.1140668 -0.0465347 -0.0161737]
 ...
 [ 0.0142972  0.0174818 -0.112209  ...  0.0342861 -0.0403844  0.0571886]
 [ 0.0363789  0.0242999 -0.0647999 ...  0.012221   0.0052579  0.0332526]
 [ 0.0088955  0.0336466 -0.06372   ... -0.0363264  0.0192053 -0.012208 ]]"
50,"[[-2.48256009e-02 -2.97906995e-02 -1.41293198e-01 ...  6.02910016e-03
   2.46837996e-02  1.77299997e-04]
 [ 6.93932995e-02 -3.23662981e-02 -5.54111004e-02 ...  9.68398973e-02
   5.82593009e-02  8.44113007e-02]
 [ 1.15876999e-02  3.73702012e-02 -5.06960005e-02 ...  3.14314999e-02
  -2.21324101e-01  8.69074017e-02]
 ...
 [ 4.13844995e-02  2.03625001e-02 -1.38497993e-01 ...  4.78148013e-02
   5.01230992e-02  9.76080969e-02]
 [-5.80830984e-02  5.28912991e-02  1.37910002e-03 ... -6.12469995e-03
   9.99417976e-02  2.83925999e-02]
 [ 4.56359982e-03  1.39773004e-02  6.53802976e-02 ...  8.89809988e-03
   1.44203305e-01  8.63080006e-03]]"
51,"[[ 0.0001704  0.0099323  0.0016067 ...  0.0909876 -0.0520374  0.0193972]
 [ 0.0040587  0.0671903 -0.0938735 ...  0.1620283 -0.0906587  0.0184854]
 [ 0.0171981 -0.0074934 -0.057982  ...  0.13955   -0.1192399  0.0746887]
 ...
 [-0.0131082 -0.0057393 -0.0694379 ...  0.0304676  0.0683042  0.1099669]
 [ 0.0060455  0.0096124  0.0155975 ...  0.074481   0.033855  -0.0020253]
 [-0.0850352 -0.0018197 -0.0887324 ...  0.0392826  0.0298856 -0.0093585]]"
52,"[[ 0.0171981 -0.0074934 -0.057982  ...  0.13955   -0.1192399  0.0746887]
 [ 0.0040587  0.0671903 -0.0938735 ...  0.1620283 -0.0906587  0.0184854]
 [-0.0123308 -0.0051449 -0.0714337 ...  0.0435405  0.0033591  0.0884417]
 ...
 [ 0.0693876 -0.001492  -0.0770266 ... -0.0451974 -0.0649315  0.0576108]
 [-0.0248256 -0.0297907 -0.1412932 ...  0.0060291  0.0246838  0.0001773]
 [ 0.045512   0.0899273 -0.0921207 ... -0.0026389 -0.0124061  0.0567529]]"
53,"[[ 0.0040587   0.0671903  -0.0938735  ...  0.1620283  -0.0906587
   0.0184854 ]
 [-0.0460942  -0.0074747  -0.12644771 ...  0.0414225   0.0267845
   0.0317676 ]
 [ 0.0693876  -0.001492   -0.0770266  ... -0.0451974  -0.0649315
   0.0576108 ]
 ...
 [ 0.0956277   0.0324725   0.0056252  ...  0.0020375  -0.0685247
   0.0503708 ]
 [ 0.0658281   0.0531999  -0.0674403  ...  0.0604544  -0.0267343
   0.0580362 ]
 [-0.0045445   0.0162272  -0.0535585  ...  0.0324543  -0.0395482
  -0.0041455 ]]"
54,"[[-0.0285731 -0.0260957 -0.0142866 ...  0.0819207 -0.0043975  0.0219666]
 [ 0.0171981 -0.0074934 -0.057982  ...  0.13955   -0.1192399  0.0746887]
 [ 0.0040587  0.0671903 -0.0938735 ...  0.1620283 -0.0906587  0.0184854]
 ...
 [ 0.0956277  0.0324725  0.0056252 ...  0.0020375 -0.0685247  0.0503708]
 [ 0.0023923  0.0382763 -0.0721782 ...  0.0382763  0.0277503  0.0913163]
 [ 0.0152137  0.0558358  0.0005122 ...  0.1079075 -0.1016338  0.05364  ]]"
55,"[[ 1.14161996e-02  8.27042013e-02 -7.05268979e-02 ...  3.62781994e-02
  -8.06746036e-02  1.73780005e-02]
 [ 1.71981007e-02 -7.49340001e-03 -5.79820015e-02 ...  1.39550000e-01
  -1.19239897e-01  7.46887028e-02]
 [ 4.05870005e-03  6.71902969e-02 -9.38735008e-02 ...  1.62028298e-01
  -9.06587020e-02  1.84854008e-02]
 ...
 [-1.16951000e-02  3.91037986e-02 -9.64398980e-02 ...  1.12273403e-01
   2.20708009e-02  2.63889991e-02]
 [-2.67453007e-02  3.83258015e-02 -1.30142197e-01 ...  8.43717977e-02
  -6.92069978e-02  2.68830010e-03]
 [ 1.13499998e-04 -2.86159990e-03 -6.38594031e-02 ...  5.48226982e-02
   3.13272998e-02  7.68121034e-02]]"
56,"[[ 0.0171981  -0.0074934  -0.057982   ...  0.13955    -0.1192399
   0.0746887 ]
 [ 0.0040587   0.0671903  -0.0938735  ...  0.1620283  -0.0906587
   0.0184854 ]
 [ 0.01637     0.072989   -0.066381   ...  0.0762931  -0.0071712
   0.0114139 ]
 ...
 [-0.0085097   0.0239336  -0.0670141  ...  0.0348367   0.119668
   0.0888203 ]
 [ 0.0841311   0.0634077  -0.1169175  ...  0.0154653  -0.0578402
   0.0208781 ]
 [ 0.0178694   0.12812559 -0.1216007  ... -0.0349973  -0.0688082
   0.0560549 ]]"
57,"[[ 0.0171981 -0.0074934 -0.057982  ...  0.13955   -0.1192399  0.0746887]
 [ 0.0040587  0.0671903 -0.0938735 ...  0.1620283 -0.0906587  0.0184854]
 [ 0.0073618  0.0380875 -0.0357952 ...  0.0973346 -0.0134893  0.0705323]
 ...
 [-0.0128294 -0.0264166 -0.05803   ... -0.0139662  0.025334   0.0229522]
 [ 0.011773   0.0647273 -0.0585259 ...  0.0593011  0.0408906  0.061239 ]
 [ 0.0566584 -0.0212469 -0.0546349 ...  0.0381577 -0.0523223 -0.0106234]]"
58,"[[ 0.0171981 -0.0074934 -0.057982  ...  0.13955   -0.1192399  0.0746887]
 [ 0.0040587  0.0671903 -0.0938735 ...  0.1620283 -0.0906587  0.0184854]
 [ 0.0270985  0.0400995 -0.1083939 ...  0.0264719  0.0410393  0.0341472]
 ...
 [-0.0466425 -0.008323   0.015294  ...  0.0351509  0.0231523  0.0349819]
 [ 0.0001704  0.0099323  0.0016067 ...  0.0909876 -0.0520374  0.0193972]
 [ 0.031728  -0.0152243 -0.0813669 ...  0.0675499 -0.0608972  0.0637118]]"
59,"[[ 0.0617707 -0.0245172 -0.0509449 ...  0.0286565 -0.0286565 -0.0375719]
 [ 0.0114162  0.0827042 -0.0705269 ...  0.0362782 -0.0806746  0.017378 ]
 [ 0.0270985  0.0400995 -0.1083939 ...  0.0264719  0.0410393  0.0341472]
 ...
 [ 0.0750018  0.000786  -0.0315556 ...  0.0981731 -0.0896363  0.0780507]
 [ 0.0021992 -0.0173408 -0.0663253 ... -0.0084805  0.0597434  0.0460733]
 [ 0.0297324  0.0428927 -0.070838  ...  0.0789616 -0.0740874  0.0428927]]"
60,"[[ 1.71981007e-02 -7.49340001e-03 -5.79820015e-02 ...  1.39550000e-01
  -1.19239897e-01  7.46887028e-02]
 [ 4.05870005e-03  6.71902969e-02 -9.38735008e-02 ...  1.62028298e-01
  -9.06587020e-02  1.84854008e-02]
 [ 7.36179994e-03  3.80874984e-02 -3.57952006e-02 ...  9.73346010e-02
  -1.34893004e-02  7.05322996e-02]
 ...
 [ 1.13499998e-04 -2.86159990e-03 -6.38594031e-02 ...  5.48226982e-02
   3.13272998e-02  7.68121034e-02]
 [-5.80830984e-02  5.28912991e-02  1.37910002e-03 ... -6.12469995e-03
   9.99417976e-02  2.83925999e-02]
 [ 1.63700003e-02  7.29890019e-02 -6.63810000e-02 ...  7.62931034e-02
  -7.17120012e-03  1.14139002e-02]]"
61,"[[ 0.0171981 -0.0074934 -0.057982  ...  0.13955   -0.1192399  0.0746887]
 [ 0.0040587  0.0671903 -0.0938735 ...  0.1620283 -0.0906587  0.0184854]
 [-0.0259538 -0.0043643 -0.0988716 ...  0.0531435 -0.0519076  0.1031973]
 ...
 [-0.0338901  0.0790768 -0.0763871 ...  0.0621318  0.0699319  0.0235348]
 [ 0.0212132  0.1092419 -0.1168634 ...  0.0889178  0.0110512  0.0089553]
 [ 0.0014323  0.0064492 -0.0988682 ...  0.0758309  0.091669  -0.0326361]]"
62,"[[-0.0038669   0.0280539  -0.0837067  ...  0.0112215   0.0285088
   0.022898  ]
 [-0.0164758   0.0972721  -0.1168417  ...  0.046046   -0.0828827
   0.0274837 ]
 [ 0.0171981  -0.0074934  -0.057982   ...  0.13955    -0.1192399
   0.0746887 ]
 ...
 [-0.016219   -0.0281864   0.0341702  ... -0.0199982  -0.0297611
   0.0677104 ]
 [-0.0460942  -0.0074747  -0.12644771 ...  0.0414225   0.0267845
   0.0317676 ]
 [-0.0130481   0.0616246  -0.0609958  ... -0.0142271   0.0716858
   0.0067991 ]]"
63,"[[-0.0067347  -0.0040889  -0.0420115  ...  0.1154514  -0.0416908
   0.0400873 ]
 [-0.0230193   0.0844041  -0.0952744  ...  0.15729859  0.0337297
  -0.0202218 ]
 [ 0.021883    0.0545617  -0.1015373  ...  0.0090815   0.0939512
   0.0233419 ]
 ...
 [-0.0460942  -0.0074747  -0.12644771 ...  0.0414225   0.0267845
   0.0317676 ]
 [ 0.14919309  0.0921487   0.0501881  ... -0.0172779   0.028248
   0.141514  ]
 [ 0.0472048   0.0107119  -0.0958621  ...  0.0687496   0.0963462
   0.0505939 ]]"
64,"[[ 0.0171981  -0.0074934  -0.057982   ...  0.13955    -0.1192399
   0.0746887 ]
 [ 0.0040587   0.0671903  -0.0938735  ...  0.1620283  -0.0906587
   0.0184854 ]
 [ 0.0750018   0.000786   -0.0315556  ...  0.0981731  -0.0896363
   0.0780507 ]
 ...
 [ 0.0073618   0.0380875  -0.0357952  ...  0.0973346  -0.0134893
   0.0705323 ]
 [ 0.0379714  -0.0020568  -0.13332181 ... -0.0061879  -0.0006548
   0.0978818 ]
 [-0.0426143   0.0070753   0.045542   ... -0.094337   -0.13402361
   0.0008895 ]]"
65,"[[ 0.0114162  0.0827042 -0.0705269 ...  0.0362782 -0.0806746  0.017378 ]
 [ 0.0171981 -0.0074934 -0.057982  ...  0.13955   -0.1192399  0.0746887]
 [ 0.0040587  0.0671903 -0.0938735 ...  0.1620283 -0.0906587  0.0184854]
 ...
 [-0.0487987 -0.0218389 -0.0759091 ...  0.0266586  0.0262067  0.0861508]
 [-0.0285731 -0.0260957 -0.0142866 ...  0.0819207 -0.0043975  0.0219666]
 [ 0.0617707 -0.0245172 -0.0509449 ...  0.0286565 -0.0286565 -0.0375719]]"
66,"[[ 0.0040587  0.0671903 -0.0938735 ...  0.1620283 -0.0906587  0.0184854]
 [ 0.0171981 -0.0074934 -0.057982  ...  0.13955   -0.1192399  0.0746887]
 [ 0.0270985  0.0400995 -0.1083939 ...  0.0264719  0.0410393  0.0341472]
 ...
 [-0.0501677  0.1036577 -0.0272434 ...  0.0581414 -0.080069   0.0116283]
 [ 0.0750018  0.000786  -0.0315556 ...  0.0981731 -0.0896363  0.0780507]
 [ 0.0260365  0.0084838 -0.0459296 ...  0.0912741 -0.0947846  0.0397861]]"
67,"[[ 0.0171981 -0.0074934 -0.057982  ...  0.13955   -0.1192399  0.0746887]
 [-0.0285731 -0.0260957 -0.0142866 ...  0.0819207 -0.0043975  0.0219666]
 [ 0.0040587  0.0671903 -0.0938735 ...  0.1620283 -0.0906587  0.0184854]
 ...
 [ 0.0182462  0.0641468 -0.0467559 ...  0.0024055  0.0280821  0.0935118]
 [-0.1036354  0.0971948  0.0471336 ...  0.0361553 -0.0048671 -0.0009789]
 [-0.0195744  0.0522916 -0.0508934 ...  0.0545287 -0.0292218  0.0494952]]"
68,"[[ 0.0040587  0.0671903 -0.0938735 ...  0.1620283 -0.0906587  0.0184854]
 [ 0.0171981 -0.0074934 -0.057982  ...  0.13955   -0.1192399  0.0746887]
 [ 0.0270985  0.0400995 -0.1083939 ...  0.0264719  0.0410393  0.0341472]
 ...
 [ 0.0505072  0.0221324 -0.0159608 ...  0.1140668 -0.0465347 -0.0161737]
 [ 0.0276911  0.0293361 -0.0452379 ...  0.0438671 -0.0674456  0.0127489]
 [ 0.0347614  0.0197085 -0.0788339 ...  0.1272516  0.0265366  0.0577288]]"
69,"[[ 4.05870005e-03  6.71902969e-02 -9.38735008e-02 ...  1.62028298e-01
  -9.06587020e-02  1.84854008e-02]
 [ 1.71981007e-02 -7.49340001e-03 -5.79820015e-02 ...  1.39550000e-01
  -1.19239897e-01  7.46887028e-02]
 [ 6.48787990e-02  2.86307000e-02 -2.92873997e-02 ...  1.51033998e-02
  -7.77494982e-02  5.48974983e-02]
 ...
 [-4.96217012e-02  2.81875003e-02 -9.63070989e-02 ...  6.53300015e-03
   2.53980998e-02 -1.73234995e-02]
 [-4.52965014e-02  5.18525988e-02 -8.04608986e-02 ...  4.84259985e-03
   1.12299997e-04 -5.60245998e-02]
 [-1.03635401e-01  9.71947983e-02  4.71335985e-02 ...  3.61552984e-02
  -4.86710016e-03 -9.78900003e-04]]"
70,"[[ 0.0040587  0.0671903 -0.0938735 ...  0.1620283 -0.0906587  0.0184854]
 [ 0.0171981 -0.0074934 -0.057982  ...  0.13955   -0.1192399  0.0746887]
 [-0.0580831  0.0528913  0.0013791 ... -0.0061247  0.0999418  0.0283926]
 ...
 [-0.0290913 -0.0261328 -0.097957  ...  0.1091334 -0.0213665  0.0802064]
 [ 0.0347614  0.0197085 -0.0788339 ...  0.1272516  0.0265366  0.0577288]
 [-0.0496217  0.0281875 -0.0963071 ...  0.006533   0.0253981 -0.0173235]]"
71,"[[ 1.71981007e-02 -7.49340001e-03 -5.79820015e-02 ...  1.39550000e-01
  -1.19239897e-01  7.46887028e-02]
 [ 4.05870005e-03  6.71902969e-02 -9.38735008e-02 ...  1.62028298e-01
  -9.06587020e-02  1.84854008e-02]
 [-5.80830984e-02  5.28912991e-02  1.37910002e-03 ... -6.12469995e-03
   9.99417976e-02  2.83925999e-02]
 ...
 [-1.95744000e-02  5.22915982e-02 -5.08933999e-02 ...  5.45286983e-02
  -2.92217992e-02  4.94952016e-02]
 [-1.23308003e-02 -5.14490018e-03 -7.14337006e-02 ...  4.35405001e-02
   3.35910008e-03  8.84416997e-02]
 [ 5.20685986e-02  6.15000026e-05 -5.51313981e-02 ...  1.51751004e-02
  -4.84488010e-02 -9.74550005e-03]]"
72,"[[ 0.0171981  -0.0074934  -0.057982   ...  0.13955    -0.1192399
   0.0746887 ]
 [ 0.0040587   0.0671903  -0.0938735  ...  0.1620283  -0.0906587
   0.0184854 ]
 [ 0.0219065   0.0348716  -0.0359148  ...  0.12875681 -0.0983559
   0.0995481 ]
 ...
 [ 0.0002603   0.0900183  -0.0805689  ...  0.088029   -0.0246183
   0.0596807 ]
 [-0.0410101   0.0599562  -0.0034325  ...  0.0695492  -0.0352543
   0.075305  ]
 [ 0.071215    0.0597854  -0.0996424  ...  0.0718011  -0.0635953
   0.0274016 ]]"
73,"[[ 0.071935   0.0078516 -0.0017837 ... -0.0250209  0.085488   0.0953921]
 [ 0.0040587  0.0671903 -0.0938735 ...  0.1620283 -0.0906587  0.0184854]
 [ 0.0171981 -0.0074934 -0.057982  ...  0.13955   -0.1192399  0.0746887]
 ...
 [-0.0217012 -0.111067  -0.1455733 ...  0.0398979 -0.0293842  0.035315 ]
 [ 0.0147286 -0.01766   -0.0857976 ...  0.0489047 -0.072928  -0.0142996]
 [ 0.0058089  0.0912418 -0.0804741 ...  0.0957755 -0.1076766  0.0597889]]"
74,"[[ 4.05870005e-03  6.71902969e-02 -9.38735008e-02 ...  1.62028298e-01
  -9.06587020e-02  1.84854008e-02]
 [ 1.71981007e-02 -7.49340001e-03 -5.79820015e-02 ...  1.39550000e-01
  -1.19239897e-01  7.46887028e-02]
 [ 7.36179994e-03  3.80874984e-02 -3.57952006e-02 ...  9.73346010e-02
  -1.34893004e-02  7.05322996e-02]
 ...
 [ 1.82461999e-02  6.41468018e-02 -4.67558987e-02 ...  2.40550004e-03
   2.80821007e-02  9.35117975e-02]
 [ 5.97691014e-02  1.24647999e-02 -7.43243024e-02 ...  6.00787997e-02
  -5.41948006e-02  2.61684004e-02]
 [-4.52965014e-02  5.18525988e-02 -8.04608986e-02 ...  4.84259985e-03
   1.12299997e-04 -5.60245998e-02]]"
75,"[[ 0.0171981 -0.0074934 -0.057982  ...  0.13955   -0.1192399  0.0746887]
 [ 0.0040587  0.0671903 -0.0938735 ...  0.1620283 -0.0906587  0.0184854]
 [ 0.0270985  0.0400995 -0.1083939 ...  0.0264719  0.0410393  0.0341472]
 ...
 [ 0.0347614  0.0197085 -0.0788339 ...  0.1272516  0.0265366  0.0577288]
 [ 0.0165361 -0.0255887 -0.1255293 ...  0.0724207 -0.0610748  0.0951126]
 [ 0.0109412  0.0206352 -0.0317464 ...  0.1188222  0.1115659  0.0421774]]"
76,"[[ 0.0171981  -0.0074934  -0.057982   ...  0.13955    -0.1192399
   0.0746887 ]
 [ 0.0040587   0.0671903  -0.0938735  ...  0.1620283  -0.0906587
   0.0184854 ]
 [ 0.0270985   0.0400995  -0.1083939  ...  0.0264719   0.0410393
   0.0341472 ]
 ...
 [-0.0248256  -0.0297907  -0.1412932  ...  0.0060291   0.0246838
   0.0001773 ]
 [-0.0712524   0.0110669  -0.12916391 ...  0.0566987  -0.0156907
   0.0727684 ]
 [ 0.0581317   0.0677139  -0.0814483  ...  0.0415227  -0.0022857
  -0.0179665 ]]"
77,"[[-0.0067347 -0.0040889 -0.0420115 ...  0.1154514 -0.0416908  0.0400873]
 [ 0.0040587  0.0671903 -0.0938735 ...  0.1620283 -0.0906587  0.0184854]
 [ 0.021883   0.0545617 -0.1015373 ...  0.0090815  0.0939512  0.0233419]
 ...
 [ 0.0363789  0.0242999 -0.0647999 ...  0.012221   0.0052579  0.0332526]
 [ 0.0712529  0.0463144 -0.0279531 ... -0.0570023 -0.0789263  0.049877 ]
 [-0.0093277  0.0792133  0.002296  ...  0.0132022  0.0378846  0.0092559]]"
78,"[[ 0.0171981 -0.0074934 -0.057982  ...  0.13955   -0.1192399  0.0746887]
 [ 0.0040587  0.0671903 -0.0938735 ...  0.1620283 -0.0906587  0.0184854]
 [ 0.0040587  0.0671903 -0.0938735 ...  0.1620283 -0.0906587  0.0184854]
 ...
 [ 0.045512   0.0899273 -0.0921207 ... -0.0026389 -0.0124061  0.0567529]
 [ 0.0379424  0.0370735 -0.0839946 ...  0.0587962 -0.0074581 -0.0120923]
 [-0.0410101  0.0599562 -0.0034325 ...  0.0695492 -0.0352543  0.075305 ]]"
79,"[[-0.0285731 -0.0260957 -0.0142866 ...  0.0819207 -0.0043975  0.0219666]
 [ 0.0001704  0.0099323  0.0016067 ...  0.0909876 -0.0520374  0.0193972]
 [ 0.0617707 -0.0245172 -0.0509449 ...  0.0286565 -0.0286565 -0.0375719]
 ...
 [-0.0487987 -0.0218389 -0.0759091 ...  0.0266586  0.0262067  0.0861508]
 [-0.0123308 -0.0051449 -0.0714337 ...  0.0435405  0.0033591  0.0884417]
 [ 0.0776896  0.0568177 -0.0023553 ...  0.1484219 -0.0115955  0.0327572]]"
80,"[[ 0.0171981 -0.0074934 -0.057982  ...  0.13955   -0.1192399  0.0746887]
 [ 0.0040587  0.0671903 -0.0938735 ...  0.1620283 -0.0906587  0.0184854]
 [-0.0501677  0.1036577 -0.0272434 ...  0.0581414 -0.080069   0.0116283]
 ...
 [-0.0226544 -0.039     -0.0980735 ...  0.054772  -0.0814412  0.0691103]
 [ 0.0503439  0.0147416  0.0065364 ... -0.0254501 -0.0923435  0.0648073]
 [ 0.0347614  0.0197085 -0.0788339 ...  0.1272516  0.0265366  0.0577288]]"
81,"[[ 0.0164402   0.0126463  -0.1247766  ... -0.018042    0.0075456
   0.0816107 ]
 [ 0.0178694   0.12812559 -0.1216007  ... -0.0349973  -0.0688082
   0.0560549 ]
 [ 0.0081441   0.0659607  -0.0530378  ...  0.05573     0.0290765
   0.0027764 ]
 ...
 [-0.0248256  -0.0297907  -0.1412932  ...  0.0060291   0.0246838
   0.0001773 ]
 [ 0.1110843   0.1016422  -0.0283265  ...  0.0463777  -0.0270768
   0.033603  ]
 [ 0.0171981  -0.0074934  -0.057982   ...  0.13955    -0.1192399
   0.0746887 ]]"
82,"[[ 0.0750018  0.000786  -0.0315556 ...  0.0981731 -0.0896363  0.0780507]
 [ 0.0058089  0.0912418 -0.0804741 ...  0.0957755 -0.1076766  0.0597889]
 [-0.0164758  0.0972721 -0.1168417 ...  0.046046  -0.0828827  0.0274837]
 ...
 [-0.0455901  0.0945325 -0.1019074 ... -0.0251416 -0.0221246 -0.031846 ]
 [ 0.0956277  0.0324725  0.0056252 ...  0.0020375 -0.0685247  0.0503708]
 [-0.0116951  0.0391038 -0.0964399 ...  0.1122734  0.0220708  0.026389 ]]"
83,"[[ 0.0171981 -0.0074934 -0.057982  ...  0.13955   -0.1192399  0.0746887]
 [ 0.0040587  0.0671903 -0.0938735 ...  0.1620283 -0.0906587  0.0184854]
 [ 0.0058089  0.0912418 -0.0804741 ...  0.0957755 -0.1076766  0.0597889]
 ...
 [ 0.0011049  0.0462037 -0.0788843 ...  0.0232427  0.0111283  0.0402874]
 [ 0.0247037  0.0421906 -0.1154689 ... -0.0087781 -0.0126988  0.1027007]
 [ 0.0244175  0.0271797 -0.1246289 ...  0.0689436  0.0636403  0.1056252]]"
84,"[[-2.40473002e-02  8.89877975e-02 -9.20741037e-02 ...  4.55227010e-02
   7.66426995e-02  3.67782004e-02]
 [-2.30193008e-02  8.44041035e-02 -9.52744037e-02 ...  1.57298595e-01
   3.37296985e-02 -2.02217996e-02]
 [-6.73469994e-03 -4.08890005e-03 -4.20114994e-02 ...  1.15451403e-01
  -4.16908003e-02  4.00873013e-02]
 ...
 [ 1.82461999e-02  6.41468018e-02 -4.67558987e-02 ...  2.40550004e-03
   2.80821007e-02  9.35117975e-02]
 [ 1.70400002e-04  9.93230008e-03  1.60670001e-03 ...  9.09876004e-02
  -5.20373993e-02  1.93971992e-02]
 [ 3.90405990e-02  1.52457999e-02 -1.43053904e-01 ...  1.64141506e-01
  -2.42222995e-02  1.59200004e-04]]"
85,"[[ 0.0693876 -0.001492  -0.0770266 ... -0.0451974 -0.0649315  0.0576108]
 [-0.0248256 -0.0297907 -0.1412932 ...  0.0060291  0.0246838  0.0001773]
 [ 0.0004261  0.0397142 -0.0284032 ...  0.0635929 -0.0160868  0.0563036]
 ...
 [ 0.0515884  0.0279165 -0.0150194 ...  0.0522414  0.1221142  0.0515884]
 [-0.0065596  0.0170476 -0.131044  ...  0.0948735  0.036467   0.0441755]
 [ 0.0165361 -0.0255887 -0.1255293 ...  0.0724207 -0.0610748  0.0951126]]"
86,"[[ 0.0171981 -0.0074934 -0.057982  ...  0.13955   -0.1192399  0.0746887]
 [ 0.0040587  0.0671903 -0.0938735 ...  0.1620283 -0.0906587  0.0184854]
 [-0.0123308 -0.0051449 -0.0714337 ...  0.0435405  0.0033591  0.0884417]
 ...
 [ 0.0329269  0.0524298  0.0158303 ...  0.0504035  0.037486  -0.0607882]
 [-0.0455901  0.0945325 -0.1019074 ... -0.0251416 -0.0221246 -0.031846 ]
 [-0.0116951  0.0391038 -0.0964399 ...  0.1122734  0.0220708  0.026389 ]]"
87,"[[ 0.0171981  -0.0074934  -0.057982   ...  0.13955    -0.1192399
   0.0746887 ]
 [ 0.0040587   0.0671903  -0.0938735  ...  0.1620283  -0.0906587
   0.0184854 ]
 [ 0.0073618   0.0380875  -0.0357952  ...  0.0973346  -0.0134893
   0.0705323 ]
 ...
 [-0.0005421  -0.0181663  -0.0625396  ...  0.0547966   0.0354391
  -0.0265049 ]
 [-0.0226544  -0.039      -0.0980735  ...  0.054772   -0.0814412
   0.0691103 ]
 [-0.0460942  -0.0074747  -0.12644771 ...  0.0414225   0.0267845
   0.0317676 ]]"
88,"[[ 0.0171981 -0.0074934 -0.057982  ...  0.13955   -0.1192399  0.0746887]
 [ 0.0040587  0.0671903 -0.0938735 ...  0.1620283 -0.0906587  0.0184854]
 [ 0.0617707 -0.0245172 -0.0509449 ...  0.0286565 -0.0286565 -0.0375719]
 ...
 [-0.0536503  0.023488  -0.0346545 ... -0.0220762  0.1786631  0.0451792]
 [-0.0536503  0.023488  -0.0346545 ... -0.0220762  0.1786631  0.0451792]
 [ 0.0260365  0.0084838 -0.0459296 ...  0.0912741 -0.0947846  0.0397861]]"
89,"[[ 0.0171981 -0.0074934 -0.057982  ...  0.13955   -0.1192399  0.0746887]
 [ 0.0040587  0.0671903 -0.0938735 ...  0.1620283 -0.0906587  0.0184854]
 [-0.0123308 -0.0051449 -0.0714337 ...  0.0435405  0.0033591  0.0884417]
 ...
 [ 0.0509827  0.0462243 -0.0499631 ... -0.0063728 -0.0317792  0.0713758]
 [-0.0114774  0.0351776 -0.0287681 ... -0.0127444  0.0056269 -0.0308549]
 [-0.0226544 -0.039     -0.0980735 ...  0.054772  -0.0814412  0.0691103]]"
90,"[[ 0.0040587  0.0671903 -0.0938735 ...  0.1620283 -0.0906587  0.0184854]
 [ 0.0171981 -0.0074934 -0.057982  ...  0.13955   -0.1192399  0.0746887]
 [-0.0580831  0.0528913  0.0013791 ... -0.0061247  0.0999418  0.0283926]
 ...
 [ 0.0693876 -0.001492  -0.0770266 ... -0.0451974 -0.0649315  0.0576108]
 [-0.0195744  0.0522916 -0.0508934 ...  0.0545287 -0.0292218  0.0494952]
 [ 0.0448424  0.0411364 -0.0885731 ...  0.0392835  0.0058833  0.1000616]]"
91,"[[ 0.0171981  -0.0074934  -0.057982   ...  0.13955    -0.1192399
   0.0746887 ]
 [ 0.0040587   0.0671903  -0.0938735  ...  0.1620283  -0.0906587
   0.0184854 ]
 [ 0.0270985   0.0400995  -0.1083939  ...  0.0264719   0.0410393
   0.0341472 ]
 ...
 [ 0.0443811   0.0225892  -0.1047076  ... -0.040129    0.03694
   0.0224563 ]
 [ 0.0379714  -0.0020568  -0.13332181 ... -0.0061879  -0.0006548
   0.0978818 ]
 [ 0.0089882  -0.0506605  -0.1320442  ... -0.0369332   0.0250034
   0.0836716 ]]"
92,"[[ 0.0171981 -0.0074934 -0.057982  ...  0.13955   -0.1192399  0.0746887]
 [ 0.0040587  0.0671903 -0.0938735 ...  0.1620283 -0.0906587  0.0184854]
 [ 0.0750018  0.000786  -0.0315556 ...  0.0981731 -0.0896363  0.0780507]
 ...
 [ 0.0242196 -0.0316236 -0.10491   ...  0.0128628  0.131514   0.0642511]
 [ 0.0560699 -0.0430436 -0.0656981 ...  0.0352561  0.0645653 -0.0050973]
 [ 0.040834   0.0431842 -0.0289364 ...  0.0458281 -0.0446531  0.033196 ]]"
93,"[[ 0.0171981 -0.0074934 -0.057982  ...  0.13955   -0.1192399  0.0746887]
 [ 0.0040587  0.0671903 -0.0938735 ...  0.1620283 -0.0906587  0.0184854]
 [ 0.0058089  0.0912418 -0.0804741 ...  0.0957755 -0.1076766  0.0597889]
 ...
 [ 0.0308517  0.0493176 -0.035806  ...  0.0285997  0.0310769  0.0522452]
 [ 0.0704709  0.0578973 -0.0818749 ...  0.078366   0.0459084  0.0771963]
 [-0.0686982  0.0708317 -0.0413896 ...  0.0622978  0.1019806  0.1011272]]"
94,"[[ 0.0171981 -0.0074934 -0.057982  ...  0.13955   -0.1192399  0.0746887]
 [ 0.0040587  0.0671903 -0.0938735 ...  0.1620283 -0.0906587  0.0184854]
 [-0.0005421 -0.0181663 -0.0625396 ...  0.0547966  0.0354391 -0.0265049]
 ...
 [ 0.0443811  0.0225892 -0.1047076 ... -0.040129   0.03694    0.0224563]
 [-0.0487987 -0.0218389 -0.0759091 ...  0.0266586  0.0262067  0.0861508]
 [-0.0179964  0.0386991 -0.0941769 ...  0.0405935 -0.0025878  0.0484416]]"
95,"[[ 0.0171981 -0.0074934 -0.057982  ...  0.13955   -0.1192399  0.0746887]
 [ 0.0040587  0.0671903 -0.0938735 ...  0.1620283 -0.0906587  0.0184854]
 [-0.0580831  0.0528913  0.0013791 ... -0.0061247  0.0999418  0.0283926]
 ...
 [-0.0248256 -0.0297907 -0.1412932 ...  0.0060291  0.0246838  0.0001773]
 [ 0.0270985  0.0400995 -0.1083939 ...  0.0264719  0.0410393  0.0341472]
 [ 0.0073618  0.0380875 -0.0357952 ...  0.0973346 -0.0134893  0.0705323]]"
96,"[[-0.0123308 -0.0051449 -0.0714337 ...  0.0435405  0.0033591  0.0884417]
 [ 0.0693933 -0.0323663 -0.0554111 ...  0.0968399  0.0582593  0.0844113]
 [-0.033489   0.076304  -0.1266081 ...  0.0282607 -0.0088315  0.0124347]
 ...
 [ 0.0543669  0.062824  -0.0764157 ...  0.0652403  0.0386609  0.0483261]
 [-0.0419115  0.027941   0.0319769 ... -0.0030852  0.0151347  0.0062479]
 [-0.040224   0.0354637 -0.0086874 ... -0.0005244  0.0752117 -0.011127 ]]"
97,"[[ 0.0171981  -0.0074934  -0.057982   ...  0.13955    -0.1192399
   0.0746887 ]
 [ 0.0040587   0.0671903  -0.0938735  ...  0.1620283  -0.0906587
   0.0184854 ]
 [-0.0580831   0.0528913   0.0013791  ... -0.0061247   0.0999418
   0.0283926 ]
 ...
 [ 0.0165361  -0.0255887  -0.1255293  ...  0.0724207  -0.0610748
   0.0951126 ]
 [-0.0101377   0.0479239  -0.073729   ...  0.14844111  0.0425171
   0.0503815 ]
 [-0.0496217   0.0281875  -0.0963071  ...  0.006533    0.0253981
  -0.0173235 ]]"
98,"[[ 0.0164402   0.0126463  -0.1247766  ... -0.018042    0.0075456
   0.0816107 ]
 [-0.0230193   0.0844041  -0.0952744  ...  0.15729859  0.0337297
  -0.0202218 ]
 [-0.0067347  -0.0040889  -0.0420115  ...  0.1154514  -0.0416908
   0.0400873 ]
 ...
 [ 0.0176395   0.0360688  -0.0600268  ...  0.0093463   0.0684516
   0.0597636 ]
 [-0.0411032   0.0293824  -0.0812431  ... -0.0099146   0.0799587
   0.0030506 ]
 [ 0.0515884   0.0279165  -0.0150194  ...  0.0522414   0.1221142
   0.0515884 ]]"
99,"[[ 0.0040587   0.0671903  -0.0938735  ...  0.1620283  -0.0906587
   0.0184854 ]
 [ 0.0633065   0.0065944   0.0099859  ... -0.0326581   0.0108651
  -0.0424556 ]
 [ 0.0171981  -0.0074934  -0.057982   ...  0.13955    -0.1192399
   0.0746887 ]
 ...
 [ 0.042366    0.0085978  -0.0019314  ...  0.0451904  -0.0850642
   0.0191893 ]
 [ 0.0413845   0.0203625  -0.13849799 ...  0.0478148   0.0501231
   0.0976081 ]
 [-0.1092402   0.0376956   0.0030291  ...  0.0469271   0.0101451
  -0.0079815 ]]"
100,"[[ 0.0040587  0.0671903 -0.0938735 ...  0.1620283 -0.0906587  0.0184854]
 [ 0.0171981 -0.0074934 -0.057982  ...  0.13955   -0.1192399  0.0746887]
 [-0.0251725 -0.0096432 -0.0866634 ... -0.0008297 -0.0706332  0.0065436]
 ...
 [-0.0179964  0.0386991 -0.0941769 ...  0.0405935 -0.0025878  0.0484416]
 [ 0.0355488  0.021066  -0.0504079 ...  0.0801259 -0.0136365  0.0244516]
 [-0.0120625  0.0123038 -0.0810603 ...  0.0525927 -0.0733402 -0.0194207]]"
101,"[[ 0.0566584 -0.0212469 -0.0546349 ...  0.0381577 -0.0523223 -0.0106234]
 [-0.0045445  0.0162272 -0.0535585 ...  0.0324543 -0.0395482 -0.0041455]
 [-0.0410101  0.0599562 -0.0034325 ...  0.0695492 -0.0352543  0.075305 ]
 ...
 [ 0.0108388 -0.0275068 -0.054285  ... -0.0153018 -0.0524633  0.0768734]
 [-0.0753395  0.0289862 -0.1046926 ...  0.0675121 -0.0118024 -0.0153492]
 [ 0.0147286 -0.01766   -0.0857976 ...  0.0489047 -0.072928  -0.0142996]]"
102,"[[ 0.0171981 -0.0074934 -0.057982  ...  0.13955   -0.1192399  0.0746887]
 [ 0.0040587  0.0671903 -0.0938735 ...  0.1620283 -0.0906587  0.0184854]
 [-0.0290913 -0.0261328 -0.097957  ...  0.1091334 -0.0213665  0.0802064]
 ...
 [ 0.0566992 -0.0113928 -0.0352383 ...  0.0268924 -0.0268924 -0.02623  ]
 [-0.0185754  0.0172855 -0.0877174 ...  0.0361189 -0.0371509  0.0008062]
 [-0.0038669  0.0280539 -0.0837067 ...  0.0112215  0.0285088  0.022898 ]]"
103,"[[ 0.0171981 -0.0074934 -0.057982  ...  0.13955   -0.1192399  0.0746887]
 [ 0.0040587  0.0671903 -0.0938735 ...  0.1620283 -0.0906587  0.0184854]
 [ 0.0270985  0.0400995 -0.1083939 ...  0.0264719  0.0410393  0.0341472]
 ...
 [-0.0500627  0.1436322 -0.0977414 ...  0.0012106 -0.0482747  0.0536386]
 [-0.0411032  0.0293824 -0.0812431 ... -0.0099146  0.0799587  0.0030506]
 [ 0.0105345  0.0609291 -0.1076225 ...  0.0404296  0.0435615  0.0020019]]"
104,"[[ 0.0171981 -0.0074934 -0.057982  ...  0.13955   -0.1192399  0.0746887]
 [ 0.0040587  0.0671903 -0.0938735 ...  0.1620283 -0.0906587  0.0184854]
 [ 0.0693876 -0.001492  -0.0770266 ... -0.0451974 -0.0649315  0.0576108]
 ...
 [-0.0614674  0.01303   -0.0260599 ...  0.0492872  0.0815789  0.0473044]
 [ 0.020791   0.0272236 -0.091894  ...  0.0480146  0.1167054 -0.0342305]
 [-0.0026408 -0.0304425 -0.092902  ... -0.0098413 -0.0396277 -0.0986756]]"
105,"[[ 0.0171981 -0.0074934 -0.057982  ...  0.13955   -0.1192399  0.0746887]
 [ 0.0040587  0.0671903 -0.0938735 ...  0.1620283 -0.0906587  0.0184854]
 [-0.0580831  0.0528913  0.0013791 ... -0.0061247  0.0999418  0.0283926]
 ...
 [ 0.0336468  0.019431   0.0274221 ... -0.0413856  0.1029592 -0.1083427]
 [ 0.0152137  0.0558358  0.0005122 ...  0.1079075 -0.1016338  0.05364  ]
 [ 0.0014323  0.0064492 -0.0988682 ...  0.0758309  0.091669  -0.0326361]]"
106,"[[-0.0067347  -0.0040889  -0.0420115  ...  0.1154514  -0.0416908
   0.0400873 ]
 [-0.0230193   0.0844041  -0.0952744  ...  0.15729859  0.0337297
  -0.0202218 ]
 [-0.0240473   0.0889878  -0.0920741  ...  0.0455227   0.0766427
   0.0367782 ]
 ...
 [ 0.0443811   0.0225892  -0.1047076  ... -0.040129    0.03694
   0.0224563 ]
 [ 0.0640179  -0.0462538  -0.0482648  ...  0.0104322   0.0155017
   0.014999  ]
 [-0.0045445   0.0162272  -0.0535585  ...  0.0324543  -0.0395482
  -0.0041455 ]]"
107,"[[ 0.0171981 -0.0074934 -0.057982  ...  0.13955   -0.1192399  0.0746887]
 [ 0.0040587  0.0671903 -0.0938735 ...  0.1620283 -0.0906587  0.0184854]
 [-0.0580831  0.0528913  0.0013791 ... -0.0061247  0.0999418  0.0283926]
 ...
 [ 0.0212132  0.1092419 -0.1168634 ...  0.0889178  0.0110512  0.0089553]
 [-0.0054112  0.052832  -0.1024056 ...  0.0702875  0.0202484 -0.0187356]
 [-0.0370127  0.0652477 -0.1732135 ...  0.0380368  0.061444  -0.0016275]]"
108,"[[-2.67453007e-02  3.83258015e-02 -1.30142197e-01 ...  8.43717977e-02
  -6.92069978e-02  2.68830010e-03]
 [-1.23308003e-02 -5.14490018e-03 -7.14337006e-02 ...  4.35405001e-02
   3.35910008e-03  8.84416997e-02]
 [-1.01376995e-02  4.79239002e-02 -7.37290010e-02 ...  1.48441106e-01
   4.25170995e-02  5.03815003e-02]
 ...
 [-2.27780011e-03  2.47481000e-02  1.33910999e-02 ... -2.08493993e-02
  -2.06799004e-02 -2.10830010e-03]
 [ 7.36179994e-03  3.80874984e-02 -3.57952006e-02 ...  9.73346010e-02
  -1.34893004e-02  7.05322996e-02]
 [ 7.49751031e-02 -1.46000002e-05 -6.16642982e-02 ... -5.09339990e-03
  -4.53654006e-02  8.96442011e-02]]"
109,"[[ 6.17706999e-02 -2.45172009e-02 -5.09448983e-02 ...  2.86564995e-02
  -2.86564995e-02 -3.75718996e-02]
 [ 1.71981007e-02 -7.49340001e-03 -5.79820015e-02 ...  1.39550000e-01
  -1.19239897e-01  7.46887028e-02]
 [ 4.05870005e-03  6.71902969e-02 -9.38735008e-02 ...  1.62028298e-01
  -9.06587020e-02  1.84854008e-02]
 ...
 [-1.56510004e-03  3.28449011e-02 -7.17462003e-02 ...  5.03154993e-02
  -2.25954000e-02  6.28943965e-02]
 [ 1.13499998e-04 -2.86159990e-03 -6.38594031e-02 ...  5.48226982e-02
   3.13272998e-02  7.68121034e-02]
 [ 2.54442003e-02  2.31560003e-02  4.26510982e-02 ... -9.59191024e-02
   6.81870012e-03  1.07634403e-01]]"
110,"[[ 0.0040587  0.0671903 -0.0938735 ...  0.1620283 -0.0906587  0.0184854]
 [ 0.0171981 -0.0074934 -0.057982  ...  0.13955   -0.1192399  0.0746887]
 [ 0.0001704  0.0099323  0.0016067 ...  0.0909876 -0.0520374  0.0193972]
 ...
 [ 0.0260365  0.0084838 -0.0459296 ...  0.0912741 -0.0947846  0.0397861]
 [ 0.0448424  0.0411364 -0.0885731 ...  0.0392835  0.0058833  0.1000616]
 [-0.0259538 -0.0043643 -0.0988716 ...  0.0531435 -0.0519076  0.1031973]]"
111,"[[ 4.05870005e-03  6.71902969e-02 -9.38735008e-02 ...  1.62028298e-01
  -9.06587020e-02  1.84854008e-02]
 [ 1.71981007e-02 -7.49340001e-03 -5.79820015e-02 ...  1.39550000e-01
  -1.19239897e-01  7.46887028e-02]
 [ 2.70984992e-02  4.00995016e-02 -1.08393900e-01 ...  2.64718998e-02
   4.10392992e-02  3.41471992e-02]
 ...
 [ 5.20685986e-02  6.15000026e-05 -5.51313981e-02 ...  1.51751004e-02
  -4.84488010e-02 -9.74550005e-03]
 [ 7.96349999e-03 -5.20785004e-02 -4.32930002e-03 ...  1.71908997e-02
   1.58636998e-02  6.09266981e-02]
 [ 6.17706999e-02 -2.45172009e-02 -5.09448983e-02 ...  2.86564995e-02
  -2.86564995e-02 -3.75718996e-02]]"
112,"[[ 0.02561     0.1187868  -0.107889   ...  0.0504027  -0.0569414
   0.0498578 ]
 [-0.0230193   0.0844041  -0.0952744  ...  0.15729859  0.0337297
  -0.0202218 ]
 [-0.0067347  -0.0040889  -0.0420115  ...  0.1154514  -0.0416908
   0.0400873 ]
 ...
 [-0.0440364   0.0570937  -0.0855126  ... -0.0054726  -0.0117772
  -0.0384039 ]
 [-0.0248256  -0.0297907  -0.1412932  ...  0.0060291   0.0246838
   0.0001773 ]
 [-0.0164758   0.0972721  -0.1168417  ...  0.046046   -0.0828827
   0.0274837 ]]"
113,"[[ 0.0171981  -0.0074934  -0.057982   ...  0.13955    -0.1192399
   0.0746887 ]
 [ 0.0040587   0.0671903  -0.0938735  ...  0.1620283  -0.0906587
   0.0184854 ]
 [-0.0455825   0.0033373  -0.049164   ...  0.0631643  -0.0657691
   0.056327  ]
 ...
 [-0.14770541  0.0391643  -0.0320308  ... -0.0104904   0.0828046
   0.0369264 ]
 [ 0.01637     0.072989   -0.066381   ...  0.0762931  -0.0071712
   0.0114139 ]
 [ 0.0509827   0.0462243  -0.0499631  ... -0.0063728  -0.0317792
   0.0713758 ]]"
114,"[[ 0.0040587  0.0671903 -0.0938735 ...  0.1620283 -0.0906587  0.0184854]
 [ 0.0171981 -0.0074934 -0.057982  ...  0.13955   -0.1192399  0.0746887]
 [ 0.0270985  0.0400995 -0.1083939 ...  0.0264719  0.0410393  0.0341472]
 ...
 [-0.0248256 -0.0297907 -0.1412932 ...  0.0060291  0.0246838  0.0001773]
 [-0.0052763 -0.0084552 -0.131613  ... -0.0015731  0.0408997  0.0113392]
 [ 0.0750018  0.000786  -0.0315556 ...  0.0981731 -0.0896363  0.0780507]]"
115,"[[-0.0067347 -0.0040889 -0.0420115 ...  0.1154514 -0.0416908  0.0400873]
 [ 0.0040587  0.0671903 -0.0938735 ...  0.1620283 -0.0906587  0.0184854]
 [ 0.0617707 -0.0245172 -0.0509449 ...  0.0286565 -0.0286565 -0.0375719]
 ...
 [-0.0410101  0.0599562 -0.0034325 ...  0.0695492 -0.0352543  0.075305 ]
 [ 0.0581416  0.000601  -0.1082328 ...  0.0409227 -0.09571    0.011796 ]
 [ 0.0566584 -0.0212469 -0.0546349 ...  0.0381577 -0.0523223 -0.0106234]]"
116,"[[ 0.0040587   0.0671903  -0.0938735  ...  0.1620283  -0.0906587
   0.0184854 ]
 [ 0.0171981  -0.0074934  -0.057982   ...  0.13955    -0.1192399
   0.0746887 ]
 [ 0.0750018   0.000786   -0.0315556  ...  0.0981731  -0.0896363
   0.0780507 ]
 ...
 [ 0.0413845   0.0203625  -0.13849799 ...  0.0478148   0.0501231
   0.0976081 ]
 [-0.0164758   0.0972721  -0.1168417  ...  0.046046   -0.0828827
   0.0274837 ]
 [-0.008616    0.1125535  -0.1051372  ...  0.0244302   0.0183227
   0.0353366 ]]"
117,"[[ 0.0001135 -0.0028616 -0.0638594 ...  0.0548227  0.0313273  0.0768121]
 [ 0.0326234  0.0792717 -0.0429897 ...  0.0792717  0.0283549 -0.0010147]
 [-0.0045445  0.0162272 -0.0535585 ...  0.0324543 -0.0395482 -0.0041455]
 ...
 [ 0.0430909  0.0132885 -0.1026956 ... -0.0102567  0.0583146  0.0039833]
 [ 0.0114162  0.0827042 -0.0705269 ...  0.0362782 -0.0806746  0.017378 ]
 [-0.0580831  0.0528913  0.0013791 ... -0.0061247  0.0999418  0.0283926]]"
118,"[[ 0.0171981 -0.0074934 -0.057982  ...  0.13955   -0.1192399  0.0746887]
 [ 0.0040587  0.0671903 -0.0938735 ...  0.1620283 -0.0906587  0.0184854]
 [ 0.0073618  0.0380875 -0.0357952 ...  0.0973346 -0.0134893  0.0705323]
 ...
 [ 0.0105345  0.0609291 -0.1076225 ...  0.0404296  0.0435615  0.0020019]
 [ 0.0581416  0.000601  -0.1082328 ...  0.0409227 -0.09571    0.011796 ]
 [-0.0370127  0.0652477 -0.1732135 ...  0.0380368  0.061444  -0.0016275]]"
119,"[[ 0.0171981 -0.0074934 -0.057982  ...  0.13955   -0.1192399  0.0746887]
 [ 0.0040587  0.0671903 -0.0938735 ...  0.1620283 -0.0906587  0.0184854]
 [ 0.0270985  0.0400995 -0.1083939 ...  0.0264719  0.0410393  0.0341472]
 ...
 [-0.0079411  0.0551923 -0.030327  ...  0.0451312  0.0057851  0.0227093]
 [-0.0065596  0.0170476 -0.131044  ...  0.0948735  0.036467   0.0441755]
 [-0.0410101  0.0599562 -0.0034325 ...  0.0695492 -0.0352543  0.075305 ]]"
120,"[[-0.0113539   0.0648419  -0.21946479 ...  0.0233641  -0.0051191
  -0.0245454 ]
 [ 0.0292975   0.1284788  -0.1102015  ...  0.0058125  -0.0042837
   0.0607452 ]
 [ 0.0171981  -0.0074934  -0.057982   ...  0.13955    -0.1192399
   0.0746887 ]
 ...
 [-0.0227036   0.0442996  -0.1002279  ...  0.0045338   0.0600814
   0.0661726 ]
 [ 0.0413845   0.0203625  -0.13849799 ...  0.0478148   0.0501231
   0.0976081 ]
 [ 0.0160501   0.0401976  -0.0474273  ...  0.0815519   0.0276178
  -0.0305097 ]]"
121,"[[ 1.71981007e-02 -7.49340001e-03 -5.79820015e-02 ...  1.39550000e-01
  -1.19239897e-01  7.46887028e-02]
 [ 4.05870005e-03  6.71902969e-02 -9.38735008e-02 ...  1.62028298e-01
  -9.06587020e-02  1.84854008e-02]
 [ 6.93875998e-02 -1.49199995e-03 -7.70265982e-02 ... -4.51974012e-02
  -6.49314970e-02  5.76107986e-02]
 ...
 [ 5.20685986e-02  6.15000026e-05 -5.51313981e-02 ...  1.51751004e-02
  -4.84488010e-02 -9.74550005e-03]
 [-2.70294007e-02  4.20457982e-02 -1.27638998e-02 ...  9.96300019e-04
   5.03625013e-02 -5.40009979e-03]
 [-1.56510004e-03  3.28449011e-02 -7.17462003e-02 ...  5.03154993e-02
  -2.25954000e-02  6.28943965e-02]]"
122,"[[ 0.0693933 -0.0323663 -0.0554111 ...  0.0968399  0.0582593  0.0844113]
 [-0.0259538 -0.0043643 -0.0988716 ...  0.0531435 -0.0519076  0.1031973]
 [ 0.0171981 -0.0074934 -0.057982  ...  0.13955   -0.1192399  0.0746887]
 ...
 [ 0.0272972 -0.0160571 -0.0366638 ...  0.0299733  0.0049844  0.0551295]
 [ 0.0531072  0.0617112 -0.1424105 ...  0.0453933 -0.0262569  0.0406463]
 [ 0.0369148  0.0245159 -0.0884828 ...  0.0560767 -0.006763   0.0363512]]"
123,"[[ 0.0171981 -0.0074934 -0.057982  ...  0.13955   -0.1192399  0.0746887]
 [ 0.0040587  0.0671903 -0.0938735 ...  0.1620283 -0.0906587  0.0184854]
 [-0.0195744  0.0522916 -0.0508934 ...  0.0545287 -0.0292218  0.0494952]
 ...
 [-0.0501677  0.1036577 -0.0272434 ...  0.0581414 -0.080069   0.0116283]
 [-0.1036354  0.0971948  0.0471336 ...  0.0361553 -0.0048671 -0.0009789]
 [-0.0251725 -0.0096432 -0.0866634 ... -0.0008297 -0.0706332  0.0065436]]"
124,"[[-0.0195744  0.0522916 -0.0508934 ...  0.0545287 -0.0292218  0.0494952]
 [ 0.0164402  0.0126463 -0.1247766 ... -0.018042   0.0075456  0.0816107]
 [ 0.0164402  0.0126463 -0.1247766 ... -0.018042   0.0075456  0.0816107]
 ...
 [ 0.0720039  0.0068575 -0.1325787 ... -0.0055003  0.0064289  0.0057146]
 [ 0.0423902  0.0199484 -0.090391  ...  0.016208   0.0069352  0.0445721]
 [ 0.0342162  0.0770499 -0.092764  ...  0.0059245  0.00697    0.1201369]]"
125,"[[ 0.0171981 -0.0074934 -0.057982  ...  0.13955   -0.1192399  0.0746887]
 [ 0.0040587  0.0671903 -0.0938735 ...  0.1620283 -0.0906587  0.0184854]
 [-0.0580831  0.0528913  0.0013791 ... -0.0061247  0.0999418  0.0283926]
 ...
 [-0.0226544 -0.039     -0.0980735 ...  0.054772  -0.0814412  0.0691103]
 [ 0.094845   0.0091971 -0.0982939 ... -0.034058   0.1115147  0.0194001]
 [ 0.0260365  0.0084838 -0.0459296 ...  0.0912741 -0.0947846  0.0397861]]"
126,"[[-0.0123308 -0.0051449 -0.0714337 ...  0.0435405  0.0033591  0.0884417]
 [ 0.0693876 -0.001492  -0.0770266 ... -0.0451974 -0.0649315  0.0576108]
 [-0.0195744  0.0522916 -0.0508934 ...  0.0545287 -0.0292218  0.0494952]
 ...
 [-0.0164758  0.0972721 -0.1168417 ...  0.046046  -0.0828827  0.0274837]
 [-0.0248256 -0.0297907 -0.1412932 ...  0.0060291  0.0246838  0.0001773]
 [ 0.0132206 -0.0085934 -0.135379  ...  0.0531468  0.0378109  0.006412 ]]"
127,"[[ 0.0171981 -0.0074934 -0.057982  ...  0.13955   -0.1192399  0.0746887]
 [ 0.0040587  0.0671903 -0.0938735 ...  0.1620283 -0.0906587  0.0184854]
 [-0.0580831  0.0528913  0.0013791 ... -0.0061247  0.0999418  0.0283926]
 ...
 [ 0.0297324  0.0428927 -0.070838  ...  0.0789616 -0.0740874  0.0428927]
 [ 0.0750018  0.000786  -0.0315556 ...  0.0981731 -0.0896363  0.0780507]
 [ 0.0658281  0.0531999 -0.0674403 ...  0.0604544 -0.0267343  0.0580362]]"
128,"[[ 0.0171981 -0.0074934 -0.057982  ...  0.13955   -0.1192399  0.0746887]
 [ 0.0040587  0.0671903 -0.0938735 ...  0.1620283 -0.0906587  0.0184854]
 [-0.0580831  0.0528913  0.0013791 ... -0.0061247  0.0999418  0.0283926]
 ...
 [ 0.0457967 -0.0356032 -0.1122757 ...  0.1500949 -0.0237847  0.0679564]
 [ 0.0505072  0.0221324 -0.0159608 ...  0.1140668 -0.0465347 -0.0161737]
 [ 0.0673184  0.0134228 -0.0085851 ... -0.0387013 -0.005996   0.0468776]]"
129,"[[ 0.0171981 -0.0074934 -0.057982  ...  0.13955   -0.1192399  0.0746887]
 [ 0.0040587  0.0671903 -0.0938735 ...  0.1620283 -0.0906587  0.0184854]
 [-0.0123308 -0.0051449 -0.0714337 ...  0.0435405  0.0033591  0.0884417]
 ...
 [-0.0062986  0.0749969 -0.0612279 ...  0.0966757  0.0108394  0.0216788]
 [-0.0351537  0.1024725  0.0518055 ...  0.0340152  0.063476  -0.0025796]
 [-0.0753395  0.0289862 -0.1046926 ...  0.0675121 -0.0118024 -0.0153492]]"
130,"[[ 0.0171981  -0.0074934  -0.057982   ...  0.13955    -0.1192399
   0.0746887 ]
 [ 0.0040587   0.0671903  -0.0938735  ...  0.1620283  -0.0906587
   0.0184854 ]
 [-0.0460942  -0.0074747  -0.12644771 ...  0.0414225   0.0267845
   0.0317676 ]
 ...
 [-0.0065596   0.0170476  -0.131044   ...  0.0948735   0.036467
   0.0441755 ]
 [ 0.0287756   0.0250455  -0.0668767  ...  0.005895   -0.0219814
   0.085794  ]
 [ 0.0270985   0.0400995  -0.1083939  ...  0.0264719   0.0410393
   0.0341472 ]]"
131,"[[ 0.0171981 -0.0074934 -0.057982  ...  0.13955   -0.1192399  0.0746887]
 [ 0.0040587  0.0671903 -0.0938735 ...  0.1620283 -0.0906587  0.0184854]
 [ 0.0276911  0.0293361 -0.0452379 ...  0.0438671 -0.0674456  0.0127489]
 ...
 [-0.0455825  0.0033373 -0.049164  ...  0.0631643 -0.0657691  0.056327 ]
 [ 0.0147286 -0.01766   -0.0857976 ...  0.0489047 -0.072928  -0.0142996]
 [ 0.0776896  0.0568177 -0.0023553 ...  0.1484219 -0.0115955  0.0327572]]"
132,"[[ 1.71981007e-02 -7.49340001e-03 -5.79820015e-02 ...  1.39550000e-01
  -1.19239897e-01  7.46887028e-02]
 [ 4.05870005e-03  6.71902969e-02 -9.38735008e-02 ...  1.62028298e-01
  -9.06587020e-02  1.84854008e-02]
 [-1.64758004e-02  9.72720981e-02 -1.16841704e-01 ...  4.60460000e-02
  -8.28827024e-02  2.74836998e-02]
 ...
 [ 3.15895006e-02  4.39951010e-02 -3.40195000e-02 ... -5.52496985e-02
   5.85749000e-02  1.40682003e-02]
 [ 4.49299999e-02 -5.53169996e-02 -4.83117998e-02 ...  4.56546992e-02
   2.76584998e-02 -6.47377968e-02]
 [-4.52965014e-02  5.18525988e-02 -8.04608986e-02 ...  4.84259985e-03
   1.12299997e-04 -5.60245998e-02]]"
133,"[[ 0.0171981 -0.0074934 -0.057982  ...  0.13955   -0.1192399  0.0746887]
 [ 0.0040587  0.0671903 -0.0938735 ...  0.1620283 -0.0906587  0.0184854]
 [ 0.0270985  0.0400995 -0.1083939 ...  0.0264719  0.0410393  0.0341472]
 ...
 [ 0.0153993  0.0633671 -0.053809  ...  0.0269045 -0.0288515  0.0256655]
 [-0.0496217  0.0281875 -0.0963071 ...  0.006533   0.0253981 -0.0173235]
 [ 0.0155012  0.1009225  0.0458439 ... -0.0788251 -0.0603556 -0.0219325]]"
134,"[[ 0.0171981 -0.0074934 -0.057982  ...  0.13955   -0.1192399  0.0746887]
 [ 0.0040587  0.0671903 -0.0938735 ...  0.1620283 -0.0906587  0.0184854]
 [ 0.0617707 -0.0245172 -0.0509449 ...  0.0286565 -0.0286565 -0.0375719]
 ...
 [-0.0015651  0.0328449 -0.0717462 ...  0.0503155 -0.0225954  0.0628944]
 [-0.0045445  0.0162272 -0.0535585 ...  0.0324543 -0.0395482 -0.0041455]
 [-0.0512562 -0.0170427 -0.1225023 ...  0.1178892 -0.0035239  0.0527939]]"
135,"[[ 0.0040587   0.0671903  -0.0938735  ...  0.1620283  -0.0906587
   0.0184854 ]
 [ 0.0171981  -0.0074934  -0.057982   ...  0.13955    -0.1192399
   0.0746887 ]
 [-0.0460942  -0.0074747  -0.12644771 ...  0.0414225   0.0267845
   0.0317676 ]
 ...
 [ 0.0001704   0.0099323   0.0016067  ...  0.0909876  -0.0520374
   0.0193972 ]
 [ 0.110314   -0.0043535  -0.10338    ...  0.0315183  -0.1021193
   0.115357  ]
 [-0.0045445   0.0162272  -0.0535585  ...  0.0324543  -0.0395482
  -0.0041455 ]]"
136,"[[ 0.0171981 -0.0074934 -0.057982  ...  0.13955   -0.1192399  0.0746887]
 [ 0.0040587  0.0671903 -0.0938735 ...  0.1620283 -0.0906587  0.0184854]
 [ 0.0270985  0.0400995 -0.1083939 ...  0.0264719  0.0410393  0.0341472]
 ...
 [ 0.0527869  0.0442405 -0.0232514 ...  0.0092377 -0.1286996  0.0164645]
 [-0.0501677  0.1036577 -0.0272434 ...  0.0581414 -0.080069   0.0116283]
 [ 0.0750018  0.000786  -0.0315556 ...  0.0981731 -0.0896363  0.0780507]]"
137,"[[ 0.0040587  0.0671903 -0.0938735 ...  0.1620283 -0.0906587  0.0184854]
 [ 0.0171981 -0.0074934 -0.057982  ...  0.13955   -0.1192399  0.0746887]
 [-0.0030202  0.072125  -0.0234406 ...  0.0384667 -0.0774142  0.0312542]
 ...
 [ 0.0617707 -0.0245172 -0.0509449 ...  0.0286565 -0.0286565 -0.0375719]
 [ 0.0001704  0.0099323  0.0016067 ...  0.0909876 -0.0520374  0.0193972]
 [-0.0466425 -0.008323   0.015294  ...  0.0351509  0.0231523  0.0349819]]"
138,"[[-0.0123308 -0.0051449 -0.0714337 ...  0.0435405  0.0033591  0.0884417]
 [ 0.0171981 -0.0074934 -0.057982  ...  0.13955   -0.1192399  0.0746887]
 [ 0.0040587  0.0671903 -0.0938735 ...  0.1620283 -0.0906587  0.0184854]
 ...
 [ 0.0260365  0.0084838 -0.0459296 ...  0.0912741 -0.0947846  0.0397861]
 [-0.0125898  0.0954171  0.0387632 ...  0.0934293  0.0010198  0.0108504]
 [ 0.0212132  0.1092419 -0.1168634 ...  0.0889178  0.0110512  0.0089553]]"
139,"[[ 0.0171981  -0.0074934  -0.057982   ...  0.13955    -0.1192399
   0.0746887 ]
 [ 0.0040587   0.0671903  -0.0938735  ...  0.1620283  -0.0906587
   0.0184854 ]
 [ 0.0270985   0.0400995  -0.1083939  ...  0.0264719   0.0410393
   0.0341472 ]
 ...
 [-0.0160542   0.0798371  -0.05901    ...  0.0665309  -0.0289265
   0.0500428 ]
 [ 0.0642663  -0.007854   -0.0958256  ...  0.0725864   0.0205136
   0.0064912 ]
 [-0.14770541  0.0391643  -0.0320308  ... -0.0104904   0.0828046
   0.0369264 ]]"
140,"[[ 0.0171981  -0.0074934  -0.057982   ...  0.13955    -0.1192399
   0.0746887 ]
 [ 0.0040587   0.0671903  -0.0938735  ...  0.1620283  -0.0906587
   0.0184854 ]
 [ 0.0270985   0.0400995  -0.1083939  ...  0.0264719   0.0410393
   0.0341472 ]
 ...
 [-0.0101377   0.0479239  -0.073729   ...  0.14844111  0.0425171
   0.0503815 ]
 [-0.0034696  -0.0388325  -0.0054352  ...  0.1093875   0.0946202
  -0.0642651 ]
 [-0.003417   -0.0191853  -0.0942966  ...  0.0209409   0.0121633
   0.0234488 ]]"
